912797GM3,MARKET BASED BILL,0.0,02/08/2024,,0.000000,99.985389,100.000000
912797JD0,MARKET BASED BILL,0.0,02/13/2024,,0.000000,99.912333,99.926944
912797GN1,MARKET BASED BILL,0.0,02/15/2024,,99.883778,99.883556,99.898111
912797JE8,MARKET BASED BILL,0.0,02/20/2024,,99.810236,99.810056,99.824667
912796Z28,MARKET BASED BILL,0.0,02/22/2024,,99.781042,99.780833,99.795056
912797JF5,MARKET BASED BILL,0.0,02/27/2024,,99.707500,99.707222,99.722389
912797GP6,MARKET BASED BILL,0.0,02/29/2024,,99.678556,99.677944,99.693167
912797JG3,MARKET BASED BILL,0.0,03/05/2024,,99.604750,99.604750,99.620111
912797GQ4,MARKET BASED BILL,0.0,03/07/2024,,99.576681,99.576278,99.591667
912797JH1,MARKET BASED BILL,0.0,03/12/2024,,99.503222,99.502278,99.516917
912797GX9,MARKET BASED BILL,0.0,03/14/2024,,99.473500,99.473000,99.487639
912797JJ7,MARKET BASED BILL,0.0,03/19/2024,,99.400944,99.399806,99.414444
912797LL9,MARKET BASED BILL,0.0,03/21/2024,,99.369931,99.369333,99.384000
912797JK4,MARKET BASED BILL,0.0,03/26/2024,,99.298667,99.297333,99.314583
912797GY7,MARKET BASED BILL,0.0,03/28/2024,,99.272917,99.272222,99.285417
912797JL2,MARKET BASED BILL,0.0,04/02/2024,,99.196389,99.194861,99.209500
912797GZ4,MARKET BASED BILL,0.0,04/04/2024,,99.171917,99.168750,99.183333
912797JM0,MARKET BASED BILL,0.0,04/09/2024,,99.097556,99.094111,99.108722
912797HF7,MARKET BASED BILL,0.0,04/11/2024,,99.072889,99.070222,99.084750
912797JN8,MARKET BASED BILL,0.0,04/16/2024,,98.998542,98.995667,99.010222
912796CX5,MARKET BASED BILL,0.0,04/18/2024,,98.970500,98.966556,98.981111
912797JP3,MARKET BASED BILL,0.0,04/23/2024,,98.900111,98.898000,98.912500
912797HG5,MARKET BASED BILL,0.0,04/25/2024,,98.870083,98.869000,98.883500
912797JQ1,MARKET BASED BILL,0.0,04/30/2024,,98.799958,98.798806,98.808722
912797HH3,MARKET BASED BILL,0.0,05/02/2024,,98.766319,98.765139,98.782000
912797JV0,MARKET BASED BILL,0.0,05/07/2024,,98.697500,98.695000,98.709500
912797HQ3,MARKET BASED BILL,0.0,05/09/2024,,98.664722,98.663444,98.677972
912797JW8,MARKET BASED BILL,0.0,05/14/2024,,98.601583,98.598889,98.613333
912797FH5,MARKET BASED BILL,0.0,05/16/2024,,98.571375,98.570000,98.584444
912797JX6,MARKET BASED BILL,0.0,05/21/2024,,98.503556,98.500667,98.515083
912797HR1,MARKET BASED BILL,0.0,05/23/2024,,98.476250,98.471833,98.492083
912797JY4,MARKET BASED BILL,0.0,05/28/2024,,98.402833,98.399750,98.417222
912797HS9,MARKET BASED BILL,0.0,05/30/2024,,98.381903,98.377194,98.397778
912797JZ1,MARKET BASED BILL,0.0,06/04/2024,,98.300472,98.298833,98.319750
912797HT7,MARKET BASED BILL,0.0,06/06/2024,,98.300000,98.296667,98.304250
912797FS1,MARKET BASED BILL,0.0,06/13/2024,,98.200833,98.197306,98.211500
912796ZW2,MARKET BASED BILL,0.0,06/20/2024,,98.103528,98.097944,98.112139
912796Y45,MARKET BASED BILL,0.0,06/27/2024,,98.022083,98.014250,98.028333
912796Y52,MARKET BASED BILL,0.0,07/05/2024,,97.909861,97.905722,97.923889
912797GB7,MARKET BASED BILL,0.0,07/11/2024,,97.832153,97.825694,97.839722
912797JS7,MARKET BASED BILL,0.0,07/18/2024,,97.743250,97.736500,97.746000
912797JT5,MARKET BASED BILL,0.0,07/25/2024,,97.643389,97.638694,97.648000
912797JU2,MARKET BASED BILL,0.0,08/01/2024,,97.543333,97.540889,97.550000
912797GK7,MARKET BASED BILL,0.0,08/08/2024,,97.445625,97.438000,97.452000
912797GL5,MARKET BASED BILL,0.0,09/05/2024,,97.213042,97.198389,97.217500
912797GW1,MARKET BASED BILL,0.0,10/03/2024,,96.859806,96.839889,96.846500
912797HE0,MARKET BASED BILL,0.0,10/31/2024,,96.506750,96.491917,96.490278
912797HP5,MARKET BASED BILL,0.0,11/29/2024,,96.147889,96.135556,96.132222
912796ZV4,MARKET BASED BILL,0.0,12/26/2024,,95.859319,95.845861,95.849778
912797JR9,MARKET BASED BILL,0.0,01/23/2025,,95.539375,95.534500,95.518056
912828B66,MARKET BASED NOTE,0.0275,02/15/2024,,0.000000,99.937500,99.968750
91282CBM2,MARKET BASED NOTE,0.00125,02/15/2024,,0.000000,99.906250,99.875000
9128286G0,MARKET BASED NOTE,0.02375,02/29/2024,,0.000000,99.812500,99.843750
912828W48,MARKET BASED NOTE,0.02125,02/29/2024,,0.000000,99.781250,99.781250
91282CEA5,MARKET BASED NOTE,0.015,02/29/2024,,0.000000,99.750000,99.750000
91282CBR1,MARKET BASED NOTE,0.0025,03/15/2024,,0.000000,99.500000,99.500000
912828W71,MARKET BASED NOTE,0.02125,03/31/2024,,0.000000,99.531250,99.531250
91282CEG2,MARKET BASED NOTE,0.0225,03/31/2024,,0.000000,99.562500,99.531250
91282CBV2,MARKET BASED NOTE,0.00375,04/15/2024,,0.000000,99.093750,99.093750
912828X70,MARKET BASED NOTE,0.02,04/30/2024,,0.000000,99.218750,99.250000
9128286R6,MARKET BASED NOTE,0.0225,04/30/2024,,0.000000,99.281250,99.281250
91282CEK3,MARKET BASED NOTE,0.025,04/30/2024,,0.000000,99.343750,99.343750
912828WJ5,MARKET BASED NOTE,0.025,05/15/2024,,0.000000,99.218750,99.218750
91282CCC3,MARKET BASED NOTE,0.0025,05/15/2024,,0.000000,98.656250,98.656250
912828XT2,MARKET BASED NOTE,0.02,05/31/2024,,0.000000,98.968750,98.968750
91282CER8,MARKET BASED NOTE,0.025,05/31/2024,,0.000000,99.125000,99.125000
91282CCG4,MARKET BASED NOTE,0.0025,06/15/2024,,0.000000,98.250000,98.250000
912828XX3,MARKET BASED NOTE,0.02,06/30/2024,,0.000000,98.718750,98.718750
9128286Z8,MARKET BASED NOTE,0.0175,06/30/2024,,0.000000,98.625000,98.625000
91282CEX5,MARKET BASED NOTE,0.03,06/30/2024,,0.000000,99.093750,99.093750
91282CCL3,MARKET BASED NOTE,0.00375,07/15/2024,,0.000000,97.906250,97.906250
91282CFA4,MARKET BASED NOTE,0.03,07/31/2024,,0.000000,98.937500,98.937500
9128282N9,MARKET BASED NOTE,0.02125,07/31/2024,,0.000000,98.531250,98.531250
912828Y87,MARKET BASED NOTE,0.0175,07/31/2024,,0.000000,98.375000,98.375000
912828D56,MARKET BASED NOTE,0.02375,08/15/2024,,98.562500,98.531250,98.562500
91282CCT6,MARKET BASED NOTE,0.00375,08/15/2024,,97.562500,97.531250,97.531250
91282CFG1,MARKET BASED NOTE,0.0325,08/31/2024,,98.921875,98.906250,98.906250
9128282U3,MARKET BASED NOTE,0.01875,08/31/2024,,98.187500,98.156250,98.156250
912828YE4,MARKET BASED NOTE,0.0125,08/31/2024,,97.843750,97.812500,97.812500
91282CCX7,MARKET BASED NOTE,0.00375,09/15/2024,,97.234375,97.218750,97.218750
91282CFN6,MARKET BASED NOTE,0.0425,09/30/2024,,99.468750,99.437500,99.437500
912828YH7,MARKET BASED NOTE,0.015,09/30/2024,,97.750000,97.718750,97.718750
9128282Y5,MARKET BASED NOTE,0.02125,09/30/2024,,98.140625,98.125000,98.125000
91282CDB4,MARKET BASED NOTE,0.00625,10/15/2024,,97.062500,97.031250,97.031250
91282CFQ9,MARKET BASED NOTE,0.04375,10/31/2024,,99.515625,99.500000,99.500000
9128283D0,MARKET BASED NOTE,0.0225,10/31/2024,,98.031250,98.000000,98.000000
912828YM6,MARKET BASED NOTE,0.015,10/31/2024,,97.500000,97.468750,97.468750
912828G38,MARKET BASED NOTE,0.0225,11/15/2024,,97.953125,97.937500,97.906250
91282CDH1,MARKET BASED NOTE,0.0075,11/15/2024,,96.843750,96.812500,96.812500
91282CFX4,MARKET BASED NOTE,0.045,11/30/2024,,99.625000,99.593750,99.593750
9128283J7,MARKET BASED NOTE,0.02125,11/30/2024,,97.765625,97.750000,97.718750
912828YV6,MARKET BASED NOTE,0.015,11/30/2024,,97.265625,97.250000,97.218750
91282CDN8,MARKET BASED NOTE,0.01,12/15/2024,,96.765625,96.750000,96.750000
91282CGD7,MARKET BASED NOTE,0.0425,12/31/2024,,99.453125,99.437500,99.406250
912828YY0,MARKET BASED NOTE,0.0175,12/31/2024,,97.296875,97.281250,97.250000
9128283P3,MARKET BASED NOTE,0.0225,12/31/2024,,97.734375,97.718750,97.687500
91282CDS7,MARKET BASED NOTE,0.01125,01/15/2025,,96.640625,96.625000,96.593750
91282CGG0,MARKET BASED NOTE,0.04125,01/31/2025,,99.328125,99.312500,99.281250
9128283V0,MARKET BASED NOTE,0.025,01/31/2025,,97.812500,97.781250,97.750000
912828Z52,MARKET BASED NOTE,0.01375,01/31/2025,,96.734375,96.718750,96.687500
912828J27,MARKET BASED NOTE,0.02,02/15/2025,,97.218750,97.187500,97.187500
91282CDZ1,MARKET BASED NOTE,0.015,02/15/2025,,96.734375,96.718750,96.687500
91282CGN5,MARKET BASED NOTE,0.04625,02/28/2025,,99.843750,99.812500,99.812500
9128283Z1,MARKET BASED NOTE,0.0275,02/28/2025,,97.937500,97.906250,97.875000
912828ZC7,MARKET BASED NOTE,0.01125,02/28/2025,,96.281250,96.250000,96.250000
91282CED9,MARKET BASED NOTE,0.0175,03/15/2025,,96.812500,96.781250,96.750000
91282CGU9,MARKET BASED NOTE,0.03875,03/31/2025,,99.062500,99.031250,99.031250
912828ZF0,MARKET BASED NOTE,0.005,03/31/2025,,95.359375,95.343750,95.312500
9128284F4,MARKET BASED NOTE,0.02625,03/31/2025,,97.687500,97.656250,97.625000
91282CEH0,MARKET BASED NOTE,0.02625,04/15/2025,,97.625000,97.593750,97.562500
91282CGX3,MARKET BASED NOTE,0.03875,04/30/2025,,99.046875,99.031250,99.000000
9128284M9,MARKET BASED NOTE,0.02875,04/30/2025,,97.875000,97.843750,97.812500
912828ZL7,MARKET BASED NOTE,0.00375,04/30/2025,,94.921875,94.906250,94.843750
912828XB1,MARKET BASED NOTE,0.02125,05/15/2025,,96.937500,96.906250,96.875000
91282CEQ0,MARKET BASED NOTE,0.0275,05/15/2025,,97.687500,97.656250,97.625000
91282CHD6,MARKET BASED NOTE,0.0425,05/31/2025,,99.500000,99.468750,99.437500
9128284R8,MARKET BASED NOTE,0.02875,05/31/2025,,97.796875,97.781250,97.718750
912828ZT0,MARKET BASED NOTE,0.0025,05/31/2025,,94.484375,94.468750,94.437500
91282CEU1,MARKET BASED NOTE,0.02875,06/15/2025,,97.750000,97.718750,97.687500
91282CHL8,MARKET BASED NOTE,0.04625,06/30/2025,,100.046875,100.031250,100.000000
912828ZW3,MARKET BASED NOTE,0.0025,06/30/2025,,94.203125,94.187500,94.125000
912828XZ8,MARKET BASED NOTE,0.0275,06/30/2025,,97.562500,97.531250,97.500000
91282CEY3,MARKET BASED NOTE,0.03,07/15/2025,,97.843750,97.812500,97.781250
91282CHN4,MARKET BASED NOTE,0.0475,07/31/2025,,100.265625,100.250000,100.218750
912828Y79,MARKET BASED NOTE,0.02875,07/31/2025,,97.625000,97.593750,97.562500
91282CAB7,MARKET BASED NOTE,0.0025,07/31/2025,,93.906250,93.875000,93.843750
912828K74,MARKET BASED NOTE,0.02,08/15/2025,,96.312500,96.281250,96.250000
91282CFE6,MARKET BASED NOTE,0.03125,08/15/2025,,97.921875,97.906250,97.875000
91282CHV6,MARKET BASED NOTE,0.05,08/31/2025,,100.671875,100.656250,100.625000
9128284Z0,MARKET BASED NOTE,0.0275,08/31/2025,,97.328125,97.312500,97.250000
91282CAJ0,MARKET BASED NOTE,0.0025,08/31/2025,,93.593750,93.562500,93.531250
91282CFK2,MARKET BASED NOTE,0.035,09/15/2025,,98.421875,98.406250,98.375000
91282CJB8,MARKET BASED NOTE,0.05,09/30/2025,,100.750000,100.750000,100.687500
91282CAM3,MARKET BASED NOTE,0.0025,09/30/2025,,93.328125,93.312500,93.250000
9128285C0,MARKET BASED NOTE,0.03,09/30/2025,,97.640625,97.625000,97.562500
91282CFP1,MARKET BASED NOTE,0.0425,10/15/2025,,99.609375,99.593750,99.531250
91282CJE2,MARKET BASED NOTE,0.05,10/31/2025,,100.859375,100.843750,100.781250
9128285J5,MARKET BASED NOTE,0.03,10/31/2025,,97.562500,97.531250,97.500000
91282CAT8,MARKET BASED NOTE,0.0025,10/31/2025,,93.062500,93.031250,92.968750
912828M56,MARKET BASED NOTE,0.0225,11/15/2025,,96.281250,96.250000,96.218750
91282CFW6,MARKET BASED NOTE,0.045,11/15/2025,,100.062500,100.031250,100.000000
91282CJL6,MARKET BASED NOTE,0.04875,11/30/2025,,100.750000,100.750000,100.687500
9128285N6,MARKET BASED NOTE,0.02875,11/30/2025,,97.296875,97.281250,97.218750
91282CAZ4,MARKET BASED NOTE,0.00375,11/30/2025,,93.000000,92.968750,92.937500
91282CGA3,MARKET BASED NOTE,0.04,12/15/2025,,99.234375,99.218750,99.156250
91282CJS1,MARKET BASED NOTE,0.0425,12/31/2025,,99.703125,99.687500,99.625000
91282CBC4,MARKET BASED NOTE,0.00375,12/31/2025,,92.765625,92.750000,92.687500
9128285T3,MARKET BASED NOTE,0.02625,12/31/2025,,96.812500,96.781250,96.718750
91282CGE5,MARKET BASED NOTE,0.03875,01/15/2026,,99.046875,99.031250,98.968750
91282CJV4,MARKET BASED NOTE,0.0425,01/31/2026,,99.750000,99.750000,99.687500
9128286A3,MARKET BASED NOTE,0.02625,01/31/2026,,96.718750,96.687500,96.656250
91282CBH3,MARKET BASED NOTE,0.00375,01/31/2026,,92.484375,92.468750,92.406250
912828P46,MARKET BASED NOTE,0.01625,02/15/2026,,94.750000,94.718750,94.656250
91282CGL9,MARKET BASED NOTE,0.04,02/15/2026,,99.296875,99.281250,99.218750
9128286F2,MARKET BASED NOTE,0.025,02/28/2026,,96.390625,96.343750,96.281250
91282CBQ3,MARKET BASED NOTE,0.005,02/28/2026,,92.500000,92.468750,92.406250
91282CGR6,MARKET BASED NOTE,0.04625,03/15/2026,,100.562500,100.531250,100.468750
91282CBT7,MARKET BASED NOTE,0.0075,03/31/2026,,92.812500,92.781250,92.718750
9128286L9,MARKET BASED NOTE,0.0225,03/31/2026,,95.812500,95.781250,95.718750
91282CGV7,MARKET BASED NOTE,0.0375,04/15/2026,,98.828125,98.812500,98.750000
9128286S4,MARKET BASED NOTE,0.02375,04/30/2026,,95.953125,95.937500,95.875000
91282CBW0,MARKET BASED NOTE,0.0075,04/30/2026,,92.531250,92.500000,92.437500
912828R36,MARKET BASED NOTE,0.01625,05/15/2026,,94.281250,94.250000,94.187500
91282CHB0,MARKET BASED NOTE,0.03625,05/15/2026,,98.578125,98.531250,98.468750
91282CCF6,MARKET BASED NOTE,0.0075,05/31/2026,,92.312500,92.281250,92.218750
9128286X3,MARKET BASED NOTE,0.02125,05/31/2026,,95.312500,95.281250,95.218750
91282CHH7,MARKET BASED NOTE,0.04125,06/15/2026,,99.656250,99.625000,99.593750
91282CCJ8,MARKET BASED NOTE,0.00875,06/30/2026,,92.437500,92.406250,92.343750
9128287B0,MARKET BASED NOTE,0.01875,06/30/2026,,94.718750,94.687500,94.625000
91282CHM6,MARKET BASED NOTE,0.045,07/15/2026,,100.562500,100.531250,100.468750
91282CCP4,MARKET BASED NOTE,0.00625,07/31/2026,,91.562500,91.531250,91.468750
912828Y95,MARKET BASED NOTE,0.01875,07/31/2026,,94.500000,94.468750,94.375000
9128282A7,MARKET BASED NOTE,0.015,08/15/2026,,93.515625,93.468750,93.375000
91282CHU8,MARKET BASED NOTE,0.04375,08/15/2026,,100.296875,100.281250,100.218750
91282CCW9,MARKET BASED NOTE,0.0075,08/31/2026,,91.656250,91.625000,91.562500
912828YD6,MARKET BASED NOTE,0.01375,08/31/2026,,93.140625,93.093750,93.031250
91282CHY0,MARKET BASED NOTE,0.04625,09/15/2026,,100.953125,100.937500,100.875000
91282CCZ2,MARKET BASED NOTE,0.00875,09/30/2026,,91.796875,91.781250,91.718750
912828YG9,MARKET BASED NOTE,0.01625,09/30/2026,,93.640625,93.593750,93.531250
91282CJC6,MARKET BASED NOTE,0.04625,10/15/2026,,101.015625,101.000000,100.937500
91282CDG3,MARKET BASED NOTE,0.01125,10/31/2026,,92.156250,92.125000,92.062500
912828YQ7,MARKET BASED NOTE,0.01625,10/31/2026,,93.421875,93.375000,93.312500
912828U24,MARKET BASED NOTE,0.02,11/15/2026,,94.312500,94.281250,94.218750
91282CJK8,MARKET BASED NOTE,0.04625,11/15/2026,,101.078125,101.062500,101.000000
91282CDK4,MARKET BASED NOTE,0.0125,11/30/2026,,92.281250,92.250000,92.187500
912828YU8,MARKET BASED NOTE,0.01625,11/30/2026,,93.296875,93.250000,93.187500
91282CJP7,MARKET BASED NOTE,0.04375,12/15/2026,,100.515625,100.500000,100.406250
91282CDQ1,MARKET BASED NOTE,0.0125,12/31/2026,,92.156250,92.125000,92.062500
912828YX2,MARKET BASED NOTE,0.0175,12/31/2026,,93.468750,93.437500,93.375000
91282CJT9,MARKET BASED NOTE,0.04,01/15/2027,,99.515625,99.500000,99.437500
912828Z78,MARKET BASED NOTE,0.015,01/31/2027,,92.593750,92.562500,92.500000
912828V98,MARKET BASED NOTE,0.0225,02/15/2027,,94.625000,94.593750,94.531250
912828ZB9,MARKET BASED NOTE,0.01125,02/28/2027,,91.390625,91.343750,91.281250
91282CEC1,MARKET BASED NOTE,0.01875,02/28/2027,,93.468750,93.437500,93.375000
91282CEF4,MARKET BASED NOTE,0.025,03/31/2027,,95.187500,95.156250,95.093750
912828ZE3,MARKET BASED NOTE,0.00625,03/31/2027,,89.718750,89.687500,89.625000
912828ZN3,MARKET BASED NOTE,0.005,04/30/2027,,89.093750,89.062500,89.000000
91282CEN7,MARKET BASED NOTE,0.0275,04/30/2027,,95.812500,95.781250,95.718750
912828X88,MARKET BASED NOTE,0.02375,05/15/2027,,94.640625,94.593750,94.531250
912828ZS2,MARKET BASED NOTE,0.005,05/31/2027,,88.859375,88.843750,88.781250
91282CET4,MARKET BASED NOTE,0.02625,05/31/2027,,95.343750,95.312500,95.250000
91282CEW7,MARKET BASED NOTE,0.0325,06/30/2027,,97.250000,97.218750,97.156250
912828ZV5,MARKET BASED NOTE,0.005,06/30/2027,,88.640625,88.625000,88.562500
91282CAD3,MARKET BASED NOTE,0.00375,07/31/2027,,87.968750,87.937500,87.875000
91282CFB2,MARKET BASED NOTE,0.0275,07/31/2027,,95.562500,95.531250,95.468750
9128282R0,MARKET BASED NOTE,0.0225,08/15/2027,,93.921875,93.875000,93.812500
91282CAH4,MARKET BASED NOTE,0.005,08/31/2027,,88.156250,88.125000,88.031250
91282CFH9,MARKET BASED NOTE,0.03125,08/31/2027,,96.734375,96.718750,96.625000
91282CFM8,MARKET BASED NOTE,0.04125,09/30/2027,,100.046875,100.031250,99.937500
91282CAL5,MARKET BASED NOTE,0.00375,09/30/2027,,87.500000,87.468750,87.406250
91282CAU5,MARKET BASED NOTE,0.005,10/31/2027,,87.656250,87.625000,87.562500
91282CFU0,MARKET BASED NOTE,0.04125,10/31/2027,,100.031250,100.000000,99.937500
9128283F5,MARKET BASED NOTE,0.0225,11/15/2027,,93.593750,93.562500,93.468750
91282CAY7,MARKET BASED NOTE,0.00625,11/30/2027,,87.875000,87.843750,87.781250
91282CFZ9,MARKET BASED NOTE,0.03875,11/30/2027,,99.187500,99.156250,99.093750
91282CGC9,MARKET BASED NOTE,0.03875,12/31/2027,,99.203125,99.187500,99.093750
91282CBB6,MARKET BASED NOTE,0.00625,12/31/2027,,87.625000,87.593750,87.531250
91282CBJ9,MARKET BASED NOTE,0.0075,01/31/2028,,87.875000,87.843750,87.750000
91282CGH8,MARKET BASED NOTE,0.035,01/31/2028,,97.843750,97.812500,97.750000
9128283W8,MARKET BASED NOTE,0.0275,02/15/2028,,95.078125,95.031250,94.937500
91282CBP5,MARKET BASED NOTE,0.01125,02/29/2028,,89.031250,89.000000,88.937500
91282CGP0,MARKET BASED NOTE,0.04,02/29/2028,,99.671875,99.656250,99.562500
91282CGT2,MARKET BASED NOTE,0.03625,03/31/2028,,98.281250,98.250000,98.156250
91282CBS9,MARKET BASED NOTE,0.0125,03/31/2028,,89.312500,89.281250,89.218750
91282CBZ3,MARKET BASED NOTE,0.0125,04/30/2028,,89.125000,89.093750,89.000000
91282CHA2,MARKET BASED NOTE,0.035,04/30/2028,,97.781250,97.750000,97.656250
9128284N7,MARKET BASED NOTE,0.02875,05/15/2028,,95.328125,95.281250,95.218750
91282CCE9,MARKET BASED NOTE,0.0125,05/31/2028,,88.937500,88.906250,88.843750
91282CHE4,MARKET BASED NOTE,0.03625,05/31/2028,,98.265625,98.250000,98.156250
91282CHK0,MARKET BASED NOTE,0.04,06/30/2028,,99.750000,99.718750,99.625000
91282CCH2,MARKET BASED NOTE,0.0125,06/30/2028,,88.750000,88.718750,88.656250
91282CHQ7,MARKET BASED NOTE,0.04125,07/31/2028,,100.265625,100.250000,100.156250
91282CCR0,MARKET BASED NOTE,0.01,07/31/2028,,87.562500,87.531250,87.468750
9128284V9,MARKET BASED NOTE,0.02875,08/15/2028,,95.109375,95.062500,95.000000
91282CCV1,MARKET BASED NOTE,0.01125,08/31/2028,,87.875000,87.843750,87.781250
91282CHX2,MARKET BASED NOTE,0.04375,08/31/2028,,101.328125,101.312500,101.218750
91282CJA0,MARKET BASED NOTE,0.04625,09/30/2028,,102.375000,102.343750,102.281250
91282CCY5,MARKET BASED NOTE,0.0125,09/30/2028,,88.218750,88.187500,88.093750
91282CDF5,MARKET BASED NOTE,0.01375,10/31/2028,,88.562500,88.531250,88.437500
91282CJF9,MARKET BASED NOTE,0.04875,10/31/2028,,103.500000,103.468750,103.406250
9128285M8,MARKET BASED NOTE,0.03125,11/15/2028,,96.015625,95.968750,95.875000
91282CJN2,MARKET BASED NOTE,0.04375,11/30/2028,,101.468750,101.437500,101.375000
91282CDL2,MARKET BASED NOTE,0.015,11/30/2028,,88.937500,88.906250,88.812500
91282CDP3,MARKET BASED NOTE,0.01375,12/31/2028,,88.250000,88.218750,88.125000
91282CJR3,MARKET BASED NOTE,0.0375,12/31/2028,,98.718750,98.687500,98.625000
91282CDW8,MARKET BASED NOTE,0.0175,01/31/2029,,89.718750,89.687500,89.593750
91282CJW2,MARKET BASED NOTE,0.04,01/31/2029,,99.843750,99.843750,99.750000
9128286B1,MARKET BASED NOTE,0.02625,02/15/2029,,93.578125,93.531250,93.468750
91282CEB3,MARKET BASED NOTE,0.01875,02/28/2029,,90.156250,90.125000,90.031250
91282CEE7,MARKET BASED NOTE,0.02375,03/31/2029,,92.265625,92.218750,92.156250
91282CEM9,MARKET BASED NOTE,0.02875,04/30/2029,,94.468750,94.437500,94.375000
9128286T2,MARKET BASED NOTE,0.02375,05/15/2029,,92.125000,92.062500,92.000000
91282CES6,MARKET BASED NOTE,0.0275,05/31/2029,,93.812500,93.781250,93.687500
91282CEV9,MARKET BASED NOTE,0.0325,06/30/2029,,96.093750,96.062500,95.968750
91282CFC0,MARKET BASED NOTE,0.02625,07/31/2029,,93.015625,92.968750,92.906250
912828YB0,MARKET BASED NOTE,0.01625,08/15/2029,,88.328125,88.250000,88.218750
91282CFJ5,MARKET BASED NOTE,0.03125,08/31/2029,,95.359375,95.343750,95.250000
91282CFL0,MARKET BASED NOTE,0.03875,09/30/2029,,99.000000,98.968750,98.875000
91282CFT3,MARKET BASED NOTE,0.04,10/31/2029,,99.625000,99.593750,99.500000
912828YS3,MARKET BASED NOTE,0.0175,11/15/2029,,88.593750,88.500000,88.500000
91282CFY2,MARKET BASED NOTE,0.03875,11/30/2029,,99.000000,98.968750,98.875000
91282CGB1,MARKET BASED NOTE,0.03875,12/31/2029,,98.968750,98.937500,98.843750
91282CGJ4,MARKET BASED NOTE,0.035,01/31/2030,,96.968750,96.937500,96.875000
912828Z94,MARKET BASED NOTE,0.015,02/15/2030,,86.437500,86.375000,86.312500
91282CGQ8,MARKET BASED NOTE,0.04,02/28/2030,,99.578125,99.531250,99.468750
91282CGS4,MARKET BASED NOTE,0.03625,03/31/2030,,97.546875,97.500000,97.437500
91282CGZ8,MARKET BASED NOTE,0.035,04/30/2030,,96.843750,96.812500,96.718750
912828ZQ6,MARKET BASED NOTE,0.00625,05/15/2030,,81.109375,81.062500,80.968750
91282CHF1,MARKET BASED NOTE,0.0375,05/31/2030,,98.171875,98.125000,98.062500
91282CHJ3,MARKET BASED NOTE,0.0375,06/30/2030,,98.156250,98.125000,98.062500
91282CHR5,MARKET BASED NOTE,0.04,07/31/2030,,99.546875,99.500000,99.437500
91282CAE1,MARKET BASED NOTE,0.00625,08/15/2030,,80.421875,80.343750,80.281250
91282CHW4,MARKET BASED NOTE,0.04125,08/31/2030,,100.234375,100.218750,100.125000
91282CHZ7,MARKET BASED NOTE,0.04625,09/30/2030,,103.125000,103.093750,103.031250
91282CJG7,MARKET BASED NOTE,0.04875,10/31/2030,,104.625000,104.593750,104.500000
91282CAV3,MARKET BASED NOTE,0.00875,11/15/2030,,81.406250,81.343750,81.281250
91282CJM4,MARKET BASED NOTE,0.04375,11/30/2030,,101.718750,101.687500,101.625000
91282CJQ5,MARKET BASED NOTE,0.0375,12/31/2030,,98.062500,98.031250,97.968750
91282CJX0,MARKET BASED NOTE,0.04,01/31/2031,,99.578125,99.562500,99.468750
91282CBL4,MARKET BASED NOTE,0.01125,02/15/2031,,82.578125,82.531250,82.468750
91282CCB5,MARKET BASED NOTE,0.01625,05/15/2031,,84.828125,84.781250,84.718750
91282CCS8,MARKET BASED NOTE,0.0125,08/15/2031,,81.906250,81.875000,81.812500
91282CDJ7,MARKET BASED NOTE,0.01375,11/15/2031,,82.125000,82.093750,82.031250
91282CDY4,MARKET BASED NOTE,0.01875,02/15/2032,,85.000000,84.968750,84.875000
91282CEP2,MARKET BASED NOTE,0.02875,05/15/2032,,91.500000,91.468750,91.406250
91282CFF3,MARKET BASED NOTE,0.0275,08/15/2032,,90.390625,90.343750,90.281250
91282CFV8,MARKET BASED NOTE,0.04125,11/15/2032,,100.218750,100.187500,100.125000
91282CGM7,MARKET BASED NOTE,0.035,02/15/2033,,95.515625,95.468750,95.406250
91282CHC8,MARKET BASED NOTE,0.03375,05/15/2033,,94.484375,94.437500,94.406250
91282CHT1,MARKET BASED NOTE,0.03875,08/15/2033,,98.265625,98.250000,98.218750
91282CJJ1,MARKET BASED NOTE,0.045,11/15/2033,,103.234375,103.218750,103.156250
912810ES3,MARKET BASED BOND,0.075,11/15/2024,,102.328125,102.000000,101.968750
912810ET1,MARKET BASED BOND,0.07625,02/15/2025,,103.218750,102.968750,102.812500
912810EV6,MARKET BASED BOND,0.06875,08/15/2025,,103.625000,103.406250,103.343750
912810EW4,MARKET BASED BOND,0.06,02/15/2026,,103.093750,102.906250,102.781250
912810EX2,MARKET BASED BOND,0.0675,08/15/2026,,105.921875,105.687500,105.625000
912810EY0,MARKET BASED BOND,0.065,11/15/2026,,105.968750,105.781250,105.750000
912810EZ7,MARKET BASED BOND,0.06625,02/15/2027,,106.984375,106.656250,106.625000
912810FA1,MARKET BASED BOND,0.06375,08/15/2027,,107.250000,107.031250,106.937500
912810FB9,MARKET BASED BOND,0.06125,11/15/2027,,107.000000,106.843750,106.781250
912810FE3,MARKET BASED BOND,0.055,08/15/2028,,106.031250,105.843750,105.812500
912810FF0,MARKET BASED BOND,0.0525,11/15/2028,,105.109375,104.968750,104.875000
912810FG8,MARKET BASED BOND,0.0525,02/15/2029,,105.437500,105.187500,105.156250
912810FJ2,MARKET BASED BOND,0.06125,08/15/2029,,109.937500,109.781250,109.718750
912810FM5,MARKET BASED BOND,0.0625,05/15/2030,,111.828125,111.593750,111.562500
912810FP8,MARKET BASED BOND,0.05375,02/15/2031,,108.468750,108.156250,108.093750
912810FT0,MARKET BASED BOND,0.045,02/15/2036,,104.703125,104.562500,104.500000
912810PT9,MARKET BASED BOND,0.0475,02/15/2037,,107.031250,106.843750,106.781250
912810PU6,MARKET BASED BOND,0.05,05/15/2037,,109.359375,109.187500,109.156250
912810PW2,MARKET BASED BOND,0.04375,02/15/2038,,102.546875,102.406250,102.343750
912810PX0,MARKET BASED BOND,0.045,05/15/2038,,103.640625,103.500000,103.437500
912810QA9,MARKET BASED BOND,0.035,02/15/2039,,92.234375,92.093750,92.031250
912810QB7,MARKET BASED BOND,0.0425,05/15/2039,,100.312500,100.218750,100.156250
912810QC5,MARKET BASED BOND,0.045,08/15/2039,,103.015625,102.937500,102.843750
912810QD3,MARKET BASED BOND,0.04375,11/15/2039,,101.390625,101.281250,101.218750
912810QE1,MARKET BASED BOND,0.04625,02/15/2040,,104.187500,104.031250,103.937500
912810SR0,MARKET BASED BOND,0.01125,05/15/2040,,62.546875,62.437500,62.312500
912810QH4,MARKET BASED BOND,0.04375,05/15/2040,,101.046875,100.875000,100.781250
912810QK7,MARKET BASED BOND,0.03875,08/15/2040,,94.875000,94.718750,94.625000
912810SQ2,MARKET BASED BOND,0.01125,08/15/2040,,61.921875,61.812500,61.718750
912810ST6,MARKET BASED BOND,0.01375,11/15/2040,,64.390625,64.281250,64.187500
912810QL5,MARKET BASED BOND,0.0425,11/15/2040,,99.156250,99.031250,98.968750
912810QN1,MARKET BASED BOND,0.0475,02/15/2041,,105.218750,105.062500,105.000000
912810SW9,MARKET BASED BOND,0.01875,02/15/2041,,69.843750,69.750000,69.656250
912810SY5,MARKET BASED BOND,0.0225,05/15/2041,,74.046875,73.968750,73.875000
912810QQ4,MARKET BASED BOND,0.04375,05/15/2041,,100.375000,100.218750,100.125000
912810QS0,MARKET BASED BOND,0.0375,08/15/2041,,92.546875,92.437500,92.375000
912810TA6,MARKET BASED BOND,0.0175,08/15/2041,,67.640625,67.531250,67.468750
912810TC2,MARKET BASED BOND,0.02,11/15/2041,,70.406250,70.312500,70.187500
912810QT8,MARKET BASED BOND,0.03125,11/15/2041,,84.500000,84.406250,84.312500
912810QU5,MARKET BASED BOND,0.03125,02/15/2042,,84.203125,84.125000,84.000000
912810TF5,MARKET BASED BOND,0.02375,02/15/2042,,74.687500,74.625000,74.531250
912810TH1,MARKET BASED BOND,0.0325,05/15/2042,,85.390625,85.343750,85.218750
912810QW1,MARKET BASED BOND,0.03,05/15/2042,,82.359375,82.281250,82.187500
912810QX9,MARKET BASED BOND,0.0275,08/15/2042,,79.000000,78.906250,78.781250
912810TK4,MARKET BASED BOND,0.03375,08/15/2042,,86.843750,86.781250,86.656250
912810QY7,MARKET BASED BOND,0.0275,11/15/2042,,78.718750,78.625000,78.531250
912810TM0,MARKET BASED BOND,0.04,11/15/2042,,94.781250,94.718750,94.625000
912810TQ1,MARKET BASED BOND,0.03875,02/15/2043,,93.015625,92.968750,92.812500
912810QZ4,MARKET BASED BOND,0.03125,02/15/2043,,83.359375,83.281250,83.125000
912810RB6,MARKET BASED BOND,0.02875,05/15/2043,,79.968750,79.875000,79.750000
912810TS7,MARKET BASED BOND,0.03875,05/15/2043,,92.921875,92.875000,92.750000
912810TU2,MARKET BASED BOND,0.04375,08/15/2043,,99.515625,99.468750,99.375000
912810RC4,MARKET BASED BOND,0.03625,08/15/2043,,89.593750,89.500000,89.375000
912810RD2,MARKET BASED BOND,0.0375,11/15/2043,,91.109375,91.031250,90.906250
912810TW8,MARKET BASED BOND,0.0475,11/15/2043,,104.609375,104.593750,104.468750
912810RE0,MARKET BASED BOND,0.03625,02/15/2044,,89.343750,89.250000,89.125000
912810RG5,MARKET BASED BOND,0.03375,05/15/2044,,85.921875,85.812500,85.718750
912810RH3,MARKET BASED BOND,0.03125,08/15/2044,,82.437500,82.343750,82.250000
912810RJ9,MARKET BASED BOND,0.03,11/15/2044,,80.546875,80.468750,80.343750
912810RK6,MARKET BASED BOND,0.025,02/15/2045,,73.546875,73.468750,73.375000
912810RM2,MARKET BASED BOND,0.03,05/15/2045,,80.187500,80.093750,80.031250
912810RN0,MARKET BASED BOND,0.02875,08/15/2045,,78.328125,78.218750,78.156250
912810RP5,MARKET BASED BOND,0.03,11/15/2045,,79.906250,79.812500,79.750000
912810RQ3,MARKET BASED BOND,0.025,02/15/2046,,72.703125,72.593750,72.531250
912810RS9,MARKET BASED BOND,0.025,05/15/2046,,72.515625,72.406250,72.343750
912810RT7,MARKET BASED BOND,0.0225,08/15/2046,,68.796875,68.718750,68.656250
912810RU4,MARKET BASED BOND,0.02875,11/15/2046,,77.500000,77.406250,77.343750
912810RV2,MARKET BASED BOND,0.03,02/15/2047,,79.109375,79.031250,78.968750
912810RX8,MARKET BASED BOND,0.03,05/15/2047,,78.984375,78.906250,78.812500
912810RY6,MARKET BASED BOND,0.0275,08/15/2047,,75.234375,75.156250,75.093750
912810RZ3,MARKET BASED BOND,0.0275,11/15/2047,,75.109375,75.031250,75.000000
912810SA7,MARKET BASED BOND,0.03,02/15/2048,,78.625000,78.562500,78.500000
912810SC3,MARKET BASED BOND,0.03125,05/15/2048,,80.375000,80.312500,80.250000
912810SD1,MARKET BASED BOND,0.03,08/15/2048,,78.437500,78.375000,78.312500
912810SE9,MARKET BASED BOND,0.03375,11/15/2048,,83.968750,83.906250,83.843750
912810SF6,MARKET BASED BOND,0.03,02/15/2049,,78.312500,78.250000,78.218750
912810SH2,MARKET BASED BOND,0.02875,05/15/2049,,76.406250,76.343750,76.281250
912810SJ8,MARKET BASED BOND,0.0225,08/15/2049,,66.937500,66.875000,66.812500
912810SK5,MARKET BASED BOND,0.02375,11/15/2049,,68.750000,68.687500,68.625000
912810SL3,MARKET BASED BOND,0.02,02/15/2050,,62.875000,62.812500,62.718750
912810SN9,MARKET BASED BOND,0.0125,05/15/2050,,51.234375,51.156250,51.125000
912810SP4,MARKET BASED BOND,0.01375,08/15/2050,,52.937500,52.875000,52.843750
912810SS8,MARKET BASED BOND,0.01625,11/15/2050,,56.656250,56.593750,56.531250
912810SU3,MARKET BASED BOND,0.01875,02/15/2051,,60.390625,60.312500,60.281250
912810SX7,MARKET BASED BOND,0.02375,05/15/2051,,68.109375,68.031250,67.968750
912810SZ2,MARKET BASED BOND,0.02,08/15/2051,,62.156250,62.093750,62.000000
912810TB4,MARKET BASED BOND,0.01875,11/15/2051,,60.062500,60.000000,59.937500
912810TD0,MARKET BASED BOND,0.0225,02/15/2052,,65.984375,65.937500,65.875000
912810TG3,MARKET BASED BOND,0.02875,05/15/2052,,76.000000,75.937500,75.875000
912810TJ7,MARKET BASED BOND,0.03,08/15/2052,,78.031250,77.968750,77.906250
912810TL2,MARKET BASED BOND,0.04,11/15/2052,,94.546875,94.531250,94.468750
912810TN8,MARKET BASED BOND,0.03625,02/15/2053,,88.312500,88.250000,88.218750
912810TR9,MARKET BASED BOND,0.03625,05/15/2053,,88.390625,88.375000,88.312500
912810TT5,MARKET BASED BOND,0.04125,08/15/2053,,96.750000,96.718750,96.656250
912810TV0,MARKET BASED BOND,0.0475,11/15/2053,,107.453125,107.437500,107.343750
9128286N5,TIPS,0.005,04/15/2024,,0.000000,99.593750,99.593750
912828WU0,TIPS,0.00125,07/15/2024,,0.000000,99.187500,99.187500
912828YL8,TIPS,0.00125,10/15/2024,,98.562500,98.531250,98.531250
912828H45,TIPS,0.0025,01/15/2025,,97.703125,97.656250,97.656250
912810FR4,TIPS,0.02375,01/15/2025,,99.640625,99.593750,99.593750
912828ZJ2,TIPS,0.00125,04/15/2025,,97.000000,96.968750,96.968750
912828XL9,TIPS,0.00375,07/15/2025,,97.437500,97.406250,97.406250
91282CAQ4,TIPS,0.00125,10/15/2025,,96.687500,96.656250,96.656250
912828N71,TIPS,0.00625,01/15/2026,,96.937500,96.906250,96.875000
912810FS2,TIPS,0.02,01/15/2026,,99.515625,99.468750,99.468750
91282CCA7,TIPS,0.00125,04/15/2026,,95.500000,95.468750,95.437500
912828S50,TIPS,0.00125,07/15/2026,,95.625000,95.593750,95.562500
91282CDC2,TIPS,0.00125,10/15/2026,,95.265625,95.218750,95.187500
912828V49,TIPS,0.00375,01/15/2027,,95.343750,95.312500,95.281250
912810PS1,TIPS,0.02375,01/15/2027,,100.984375,100.937500,100.906250
91282CEJ6,TIPS,0.00125,04/15/2027,,94.156250,94.125000,94.093750
9128282L3,TIPS,0.00375,07/15/2027,,95.171875,95.125000,95.093750
91282CFR7,TIPS,0.01625,10/15/2027,,99.250000,99.218750,99.156250
9128283R9,TIPS,0.005,01/15/2028,,94.656250,94.625000,94.593750
912810PV4,TIPS,0.0175,01/15/2028,,99.375000,99.312500,99.281250
912810FD5,TIPS,0.03625,04/15/2028,,106.843750,106.750000,106.687500
91282CGW5,TIPS,0.0125,04/15/2028,,97.281250,97.250000,97.187500
912828Y38,TIPS,0.0075,07/15/2028,,95.703125,95.656250,95.593750
91282CJH5,TIPS,0.02375,10/15/2028,,102.687500,102.656250,102.593750
9128285W6,TIPS,0.00875,01/15/2029,,95.531250,95.500000,95.406250
912810PZ5,TIPS,0.025,01/15/2029,,103.171875,103.093750,103.031250
912810FH6,TIPS,0.03875,04/15/2029,,109.937500,109.875000,109.781250
9128287D6,TIPS,0.0025,07/15/2029,,92.359375,92.312500,92.250000
912828Z37,TIPS,0.00125,01/15/2030,,90.500000,90.468750,90.437500
912828ZZ6,TIPS,0.00125,07/15/2030,,90.187500,90.156250,90.125000
91282CBF7,TIPS,0.00125,01/15/2031,,89.062500,89.031250,88.968750
91282CCM1,TIPS,0.00125,07/15/2031,,88.593750,88.562500,88.500000
91282CDX6,TIPS,0.00125,01/15/2032,,87.437500,87.406250,87.343750
912810FQ6,TIPS,0.03375,04/15/2032,,111.140625,111.031250,110.968750
91282CEZ0,TIPS,0.00625,07/15/2032,,90.843750,90.812500,90.750000
91282CGK1,TIPS,0.01125,01/15/2033,,93.984375,93.968750,93.906250
91282CHP9,TIPS,0.01375,07/15/2033,,96.218750,96.187500,96.125000
91282CJY8,TIPS,0.0175,01/15/2034,,99.046875,99.031250,98.968750
912810QF8,TIPS,0.02125,02/15/2040,,101.531250,101.375000,101.375000
912810QP6,TIPS,0.02125,02/15/2041,,101.578125,101.406250,101.375000
912810QV3,TIPS,0.0075,02/15/2042,,80.156250,80.000000,79.968750
912810RA8,TIPS,0.00625,02/15/2043,,77.093750,76.937500,76.906250
912810RF7,TIPS,0.01375,02/15/2044,,88.046875,87.906250,87.875000
912810RL4,TIPS,0.0075,02/15/2045,,76.937500,76.781250,76.750000
912810RR1,TIPS,0.01,02/15/2046,,80.234375,80.093750,80.093750
912810RW0,TIPS,0.00875,02/15/2047,,77.109375,76.968750,77.031250
912810SB5,TIPS,0.01,02/15/2048,,78.734375,78.593750,78.593750
912810SG4,TIPS,0.01,02/15/2049,,78.328125,78.187500,78.156250
912810SM1,TIPS,0.0025,02/15/2050,,63.015625,62.875000,62.875000
912810SV1,TIPS,0.00125,02/15/2051,,59.703125,59.593750,59.531250
912810TE8,TIPS,0.00125,02/15/2052,,58.828125,58.718750,58.656250
912810TP3,TIPS,0.015,02/15/2053,,87.375000,87.312500,87.187500
91282CEL1,MARKET BASED FRN,0.05317373538,04/30/2024,,0.000000,99.966534,99.967547
91282CFD8,MARKET BASED FRN,0.05431240164,07/31/2024,,99.978184,99.963956,99.976996
91282CFS5,MARKET BASED FRN,0.055359567900000003,10/31/2024,,100.037404,100.012199,100.025518
91282CGF2,MARKET BASED FRN,0.05596956546,01/31/2025,,100.081478,100.046583,100.065829
91282CGY1,MARKET BASED FRN,0.0556543992,04/30/2025,,100.027142,100.009243,100.009243
91282CHS3,MARKET BASED FRN,0.05520706668,07/31/2025,,99.946752,99.916405,99.937822
91282CJD4,MARKET BASED FRN,0.05566456668,10/31/2025,,100.010966,99.986051,99.981900
91282CJU6,MARKET BASED FRN,0.05642706546,01/31/2026,,100.121292,100.111837,100.116564
